name,scientific_name,imgsrc,_phylum,_class,_order,_family,_genus,content1,content2,content3,popularity,tag
靈芝,Ganoderma,../images/Ganoderma_lucidum_01.jpg,擔子菌,傘菌綱,多孔菌目,靈芝科,靈芝屬,"靈芝又稱林中靈，以林中生長的為最佳，藥效最高。目前也有人工大棚種植，主要生長在較濕潤的地方。
靈芝屬高溫性菌類，在15～35℃之間均能生長，適溫為25～30℃。子實體在10～32℃的範圍內均能生長，但原基分化和子實體發育的最適溫度為25～28℃。低於25℃，子實體生長緩慢，皮殼色澤也差；高於35℃，子實體會死亡。靈芝生長需要較高的濕度。隨著晝夜溫差的增大，菌絲長滿袋的時間延長。
菌絲生長期，要求培養基含水量為55%～60%，空氣相對濕度為70%～80%。子實體發育期，空氣相對濕度要求在90%～95%。如果低於80%，子實體會生長質量不良，菌蓋邊緣的幼嫩生長點將會變成暗灰色或暗褐色。
靈芝是好氣性真菌，它的整個生長發育過程中都需要新鮮的空氣。尤其是子實體生長發育階段，對二氧化碳更為敏感。當空氣中二氧化碳含量增至0.1%時，子實體就不能開傘，長成鹿角狀分枝，含量達1%時，子實體發育極不正常，無任何組織分化，形成畸形。
靈芝在生長發育過程中對光線非常敏感，光線對菌絲生長有明顯的抑制作用，無光黑暗條件生長速度最快，當照度增加到3000勒克斯時，生長速度只有全黑暗條件下的一半。子實體生長發育不可缺少光照，在1500～5000勒克斯，菌柄、菌蓋生長迅速，粗壯，蓋厚。
","靈芝的功效主要有 : 治急性病毒性肝炎、抗神經衰弱、治療冠心病、治療糖尿病、治慢性支氣管炎
","
",5,紅褐色/菇狀/耳朵狀/可食用/藥用
黑木耳,Auricularia,../images/Auricularia_01.jpg,擔子菌,傘菌綱,木耳目,木耳科,木耳屬,"黑木耳子實體通常是3至8公分長，但也可以是多達12公分。它的獨特形狀通常是讓人聯想到軟耳朵，雖然子實體也可以是杯狀。它通常橫向附著在基板上，和有時帶有一個非常短的柄。該品種在新鮮的時候具有堅韌，膠質，彈性質感，但它在變乾的時候是硬而脆。褐色子實體略呈耳形，濕潤時半透明，乾燥時為革質。
","黑木耳生長在落葉喬木和灌木的木材上，尤其是在接骨木上。在高達90％的情況下，黑木耳被發現在接骨木上生長，但不總是這樣。
中國是木耳的主要生產國，產區主要分布在廣西、雲南、貴州、四川、湖北、黑龍江等地，其中黑龍江省東寧縣綏陽鎮是中國最大的黑木耳基地。亞洲部分國家和地區也有生產。
生於枯死的樹幹上，也可以用闊葉樹類的段木和木屑人工栽培；生長需散光、濕潤和溫暖。
黑木耳可以全年被發現，但最常見於秋季。它廣泛分布於世界各地的溫帶和亞熱帶地區，並且可以在歐洲，北美，亞洲，澳洲，南美洲和非洲被發現。
","主要用於食用及民間醫藥。
",5,褐色/菇狀菇類/耳朵狀/可食用
香菇,Lentinula,../images/mushroom_01.jpg,擔子菌,傘菌綱,傘菌目,小皮傘科,香菇屬,"香菇屬真菌類，為食用菌類孢子植物，亦有冬菇、花菇、香蕈等別名。在中國已有四千年以上歷史，秦漢時有栽培記錄，明朝時列為貢品之一，由於味道鮮美，香氣沁人、營養豐富，並能藥食兩用，故有"菇中之秀，菌中之王"美稱。世界常食用之菇有兩科，一為香菇，另一為洋菇。台灣現在生產分為段木培養和人工培養兩科。香菇特性：傘形，新鮮香菇含有香菇酸，乾燥期受到酵素作用而生香菇精並產生特殊香氣。
","每朵香菇由上而下，分為菌傘、菌環、菌褶。在菌褶上面形成擔子，每一個擔子會形成4個孢子。
","香菇被認為是低熱量、高蛋白、高纖維食物，其所含醣類比米或薯類等少且不同於澱粉類，不易被消化吸收。 蛋白質方面含有多量優質胺基酸等，其他維生素類也頗多，尤其維生素D的前體麥角固醇含量頗多，適當曬太陽後，就能在人體內轉換為維生素D2。香菇中又有胺基酸利得寧，經攝取後會促進體內的膽固醇排泄。
此外，香菇尚含有多醣類物質香菇多糖，其中一種β-1,6-葡聚糖注射入人體則有抗癌作用。其它值得一提的是香菇含有多種酵素，有保健食品的必要條件，例如幫助消化或有益健康。
",5,褐色/菇狀菇類/可食用
鬼筆,Phallus,../images/鬼筆_01.jpg,擔子菌,傘菌綱,鬼筆目,鬼筆科,鬼筆屬,"鬼筆科的孢托（成熟子實體）一般為筆狀，且為海綿質，頂部有鐘形子層托，上有青綠色的孢子黏液物覆蓋，還不時發出惡臭，因而吸引蠅類、蝸牛及螞蟻咬噬，故其菌蓋多半坑坑洞洞的。
","鬼筆目在分類上屬於腹菌類，成熟的孢子是包埋在包被內，等子實體破裂後才會裸露散發出孢子，不同於傘菌類孢子成熟後裸露在空氣中飄散的形式，因此，有學者認為腹菌類是真菌中較進化的一群。鬼筆目在幼時呈卵蛋形，從外觀無法辨識其成熟度，而且孢托還未伸出時，也無法辨別身分，就像神奇蛋一樣，必須耐心等待，才知道裡面藏著什麼種類。
","雖然鬼筆科的菌類多半會發出惡臭，不過仍有一些被當作高級食材來食用。例如：在中國，竹蓀屬中的菌類，的菌裙和菌柄被當作高級的食材。例如：長裙竹蓀多與肉共煮，成肉湯，味美。1990年代人工培植成功後，常見於齋菜中。早期出產的仍有很濃的臭味和滑潺潺的，後期出產的已有改善。至今野生竹蓀仍然是名貴食材。
",4,白色/直立狀/菇類/惡臭/可食用/陰莖
金針菇,Flammulina,../images/金針菇_01.jpg,擔子菌,傘菌綱,傘菌目,膨瑚菌科,小火菇屬,"金針菇的菌絲灰白色，絨毛狀。子實體為叢生，菌蓋初期呈半圓形小體，長大後漸平展，直徑2～8厘米，表面光滑，濕時有粘性，色澤白、黃白色或淡茶褐色。菌肉為白色；菌褶不與菌柄分開，白色或淡黃；菌柄細長，中空。
","金針菇屬於真菌，同其他真菌類似，含有較多被稱為「真菌多糖」的東西。不同的真菌，含有的真菌多糖結構也不相同。金針菇含有的真菌多糖的結構不同於蘑菇、木耳等中的多糖，更像是螃蟹殼、蝦殼中的「殼多糖」成分，耐酸、耐鹼、耐消化道酶。這使得吃下金針菇時，胃酸僅能部分酸解金針菇多糖，而且時間短，金針菇來不及完全消化，就到了腸道中。
","金針菇富含胺基酸、維生素、糖蛋白及多醣等物質，其子實體及菌絲體均可入藥，可用以預防和治療肝炎、胃腸潰瘍，並具有降血清膽固醇的效果以及抗癌作用。
",5,白黃色/菇狀菇類/可食用
毒蠅傘,Amanita muscaria,../images/毒蠅傘_01.jpg,擔子菌,傘菌綱,傘菌目,鵝膏菌科,鵝膏菌屬,"毒蠅傘為明顯的大型蕈類，生長的地方常見到為數眾多的族群，在這些群體內通常可以找到各種發育階段的擔子果。毒蠅傘的子實體從土裡冒出來時很像一顆白色的蛋。從地面冒出來之後，蕈傘會被眾多小型白色到黃色的金字塔型瘤狀物質所覆蓋。這些瘤是外蕈幕（在毒蠅傘未成熟前包住整個菇體的一層膜）脫落後的殘留物。如果在這個階段進行解剖，會在膜下面發現到有特色的淡黃色表皮層，很容易識別。當毒蠅傘成長時，紅色蕈傘會破壞外菌膜而露出來，而上面的瘤則變得比較少；這些瘤不會改變大小，但是會和延展表皮層面積有關聯。蕈傘則從球狀變成半球狀，最後變成扁平狀，成熟後變得平坦。完全成長後，明亮的紅色蕈傘通常直徑大約8－20公分，縱使更大的蕈傘時有所聞。紅色蕈傘在下雨和較老的階段會退色。
","毒蠅傘是全球性的物種，原生於松樹和落葉性的樹林中，橫跨北半球溫帶和極地氣候的地區，以及溫帶高海拔地區，如興都庫什山、地中海地區和中美洲。毒蠅傘一般在秋季出菇，但依照各地氣候不同而有所變化：在北美洲出菇季節是從夏季到秋季，太平洋沿岸則是從秋季到初冬。毒蠅傘以外生菌根的方式，與多種樹木形成共生關係，包含松樹、雲杉、杉木、樺樹和西洋杉。通常毒蠅傘會發現於外地引進的樹木下，在紐西蘭、澳洲塔斯馬尼亞州和維多利亞州被認為是真菌型式的雜草，和南青岡科樹種形成新的關連性
","主要存在於毒蠅傘的毒素為蠅蕈素，這毒素並非平均分布在整株蕈株當中。大多數毒素在子實體的蕈蓋上檢測到，蕈柄基部次之，少部分則是在蕈柄。食用後中毒症狀的輕重，取決於攝食者的體重、毒蠅傘的棲息地和攝取量的多寡而定，症狀可以是有變化的，從噁心、痙攣，到倦睡、膽鹼激素危機類症狀（低血壓、流汗與唾液過多分泌）、視覺和聽覺的扭曲、情緒改變、欣快、弛緩、失調和眩暈都有
",4,紅色白色斑點/菇狀菇類/有毒
鱗柄白鵝膏,Amanita virosa,../images/鱗柄白鵝膏_01.jpg,擔子菌,傘菌綱,傘菌目,鵝膏菌科,鵝膏菌屬,"鱗柄白鵝膏廣泛分布於北半球，初夏到秋季時，可在闊葉林或針葉林地上發現散生或群生的子實體。中型至大型、純白色。菌柄上有鱗片，有膜質菌環、根部有菌托。在菌蓋上滴3%的氫氧化鉀溶液會變黃色。孢子接近球形。與同樣具劇毒的白毒鵝膏菌（Amanita verna）很相似，但可以在其上滴氫氧化鉀溶液並不會變色、菌柄上也沒有鱗片、且屬小型來做區別。
","在歐洲、北美被稱為「Destroying Angel」（毀滅天使）。在日本與「白毒鵝膏菌」（A. verna）、「毒鵝膏」（A. phalloides）合稱「猛毒菌御三家」，因此三種真菌常均被誤認為外觀相似的白色食用真菌，而誤食造成中毒。
","
",3,白色/菇狀菇類/有毒/毀滅天使
松口蘑,Tricholoma matsutake,../images/松口蘑_01.jpg,擔子菌,傘菌綱,傘菌目,口蘑科,口蘑屬,"松口蘑俗稱松茸，是屬於口蘑科口蘑屬下的一種食用蕈，具有獨特的濃郁香味。在日本，松茸被視為食用蕈中的極品
","松茸好生於養份不多而且比較乾燥的林地，一般在秋季生成，通常和赤松、偃松、鐵杉、日本鐵杉的根部形成菌根共生關係，此外，也有共生在黑松根部的例子，但較為少見。日本人稱在非時令的梅雨季節長出的松茸為「早松」，價值更高，或作為特級食材，或作為討吉利的象徵。
","松茸的稀有不僅是因為其成長速度緩慢，也是因為採集困難。松茸一旦突出地面並張開蕈傘，其香氣就會大量逸失，吃起來的味道也變差，經濟價值自然大幅滑落。因此，松茸的採集必須在松茸剛露頭的時候就連根挖出，所以目前市面上所販賣的松茸幾乎都還是人力上山採集而來的。
",4,褐色/菇狀菇類/可食用/松茸
桑黃,Sanghuangporus sanghuang,../images/桑黃_01.jpg,擔子菌,傘菌綱,鏽革孔菌目,鏽革孔菌科,桑黃孔菌屬,"本種生長於桑屬植物的樹幹上。具有抗氧化、抗發炎、提升免疫力、抗癌、護肝、抗失智症、心血管疾病預防、抗過敏 (過敏性鼻炎、濕疹、類風濕性關節炎)、舒眠、鎮痛 (如經痛)、抑制尿酸及皮膚保養等功效。安全無毒性。桑黃為廣效型且具有積極功效的藥用真菌，中國大陸譽為「森林黃金」。
","桑黃的擔子果為多年生、無柄。蕈傘為扁平或凸面狀，質地堅硬。蕈傘背面褐色至近黑色，蕈傘腹面黃色，有圓形小孔，每mm間6-8個孔。
其菌絲屬雙系菌絲型，生殖菌絲中隔，欠缺扣子體，有些分支，呈無色或黃棕色，薄壁；骨骼菌絲呈黃色至黃棕色，無分支，為厚壁。
","
",5,金黃色/菇類/可食用/藥用
牛樟芝,Antrodia cinnamomea,../images/牛樟芝_01.jpg,擔子菌,傘菌綱,多孔菌目,多孔菌科,薄孔菌屬,"牛樟芝為多孔菌目、擬層孔菌科、多年生菇蕈菌類，子實體形態多變化，有板狀、鐘狀、馬蹄狀或塔狀；初生時鮮紅色，漸長變為淡紅褐色、淡褐色或淡黃褐色。牛樟芝為臺灣特有種，又稱樟芝、樟菇、樟菰等，在天然狀況下只生長在臺灣特有的常綠闊葉大喬木牛樟樹(Cinnamomum kanehirai Hayata)樹幹內中空的心材上，世界上僅原生於台灣，海拔由200~1,500公尺都可看到它的蹤跡。牛樟樹的木材味極芳香且質硬，亦為上等的雕刻用材，目前已是瀕危受保護的植物
","牛樟芝被認為是具有醫療功效與潛力的珍貴中藥材，常被用來改善食物藥物中毒、腹瀉、高血壓以及肝癌。除了保肝抗癌外，因其含有多醣體（如葡聚醣）、三萜類化合物等物質，許多學者投入研究並報告指出，牛樟芝對於抗氧化、抗病毒、解毒、降三酸甘油酯、心血管疾病、後天性糖尿病、自我免疫攻擊等等，經過研究實驗，對身體的確有顯著幫助。
","
",4,紅褐色/菇類/可食用/藥用
牛肝菌,Boletus,../images/牛肝菌_01.jpg,擔子菌,傘菌綱,牛肝菌目,牛肝菌科,牛肝菌屬,"牛肝菌是牛肝菌科和松塔牛肝菌科等真菌的統稱，是野生而可以食用的菇菌類，其中除少數品種有毒或味苦而不能食用外，大部分品種均可食用。主要有白、黃、黑牛肝菌。
","牛肝菌的菌蓋扁半球形，光滑、不粘、淡裸色，菌肉白色，有醬香味，可入藥。生於柞、櫟等闊葉林及針闊混交林地上，單生或群生。大腿蘑營養豐富，味道香美，是極富美味的野生食用菌之一。
","牛肝菌含有人體必需的8種胺基酸，還含有腺膘呤、膽鹼和腐胺等生物鹼。可藥用，治療腰腿疼痛、手足麻木、四肢抽搐，還可用以治婦女白帶異常。它具有清熱解煩、養血和中、追風散寒、舒筋活血、補虛提神等功效。另外，還有抗流感病毒、防治感冒的作用。可見美味牛肝菌確是林中菌類中功能齊全、食藥兼用的珍品。經常食用牛肝菌可明顯增強機體免疫力、改善機體微循環。
",5,褐色/菇狀菇類/可食用/美味牛肝菌/巨大
酵母菌,Saccharomyces cerevisiae,../images/Saccharomyces cerevisiae.jpg,子囊菌,無,無,無,無,"酵母多數為單細胞生物，常呈卵圓形或者圓柱形，其細胞明顯比大多數細菌大，細胞大小約為 2～5 × 5～30μm。此外，一些酵母菌能夠通過出芽的方式進行無性生殖，也可以通過形成孢子的形式進行有性生殖。
","酵母菌廣泛生活於潮濕且富含糖分的物體表層，例如果皮表層、土壤、植物表面、植物分泌物（如仙人掌的汁），甚至空氣中也有分布。此外，有研究發現酵母還能寄生於人類身上與一些昆蟲腸道內。
酵母菌屬於化能異養、兼性厭氧型微生物，能夠直接吸收利用多種單醣分子，比如葡萄糖、果糖等。一些酵母菌還能代謝利用五碳糖、乙醇或者有機酸。一部分雙糖，例如蔗糖，能在胞外酶作用下水解為單糖被吸收利用。酵母菌不能直接利用澱粉等多糖類物質。因此，在啤酒釀製過程中，原料麥必須經過糖化才能被釀酒酵母進一步發酵利用。
許多酵母營專性或兼性好氧的生活方式，目前尚未發現專性厭氧的酵母。在缺乏氧氣時，發酵型的酵母會進行缺氧呼吸作用產生能量
","酵母經常被用於酒精釀造或者麵包烘培行業，同時被廣泛應用於污水處理領域。
",5,微小/單細胞/釀酒發酵/生活應用
羊肚菌,Morchella,../images/羊肚菌_01.jpg,子囊菌,盤菌綱,盤菌目,羊肚菌科,羊肚菌屬,"羊肚菌是一種野生珍貴菌，由於它的菌蓋表面凹凸不平，狀如羊肚，故名羊肚菌。羊肚菌的子實體味道鮮美，營養豐富，所含的營養成份，和牛乳、魚肉相當。不僅含有豐富的蛋白質，碳水化合物外，還含有多種微量元素和19種胺基酸。該菌具有益腸胃，助消化和化痰理氣之功效，可用於治療脾胃虛弱，消化不良，痰多氣短等症。
","羊肚菌的分布很廣，在温帶、熱帶與亞熱帶地區均有分布。它是以泥土或地表的腐植質做為生長的基質，發生地也複雜而多樣，河岸邊、山坡地、草地和樹林內都有可能發生；發生地的土質也複雜而多樣，可以是沙地、富含有機質質的濕士或泥漿地。有一說法是羊肚菌喜歡生長在含石灰石較多的土壤，或是火燒後的地區，可發現有大量的羊肚菌子實體。其發生季節很短，一般開始於四月底至五月初，通常只持續約3個星期左右。
","
",3,金黃褐色/蜂窩狀/可食用
火焰茸,Trichoderma cornu-damae,../images/火焰茸_01.jpg,子囊菌,糞殼菌綱,肉座菌目,肉座菌科,木黴菌屬,"火焰茸的子實體紅色、內部白色，外型像是棒狀、手指狀、火焰放射狀，因而以「火焰」稱之。外表看起來像是辣椒，成熟時會散播黃褐色的孢子粉。在日本、中國、澳洲、爪哇都有發現，在中美洲的哥斯大黎加也有發現亞種。梅雨季節開始到夏季秋季之間，會在山毛櫸林地內單生至群生。
","毒性成份為新月毒素類的黴菌毒，主要是芝麻黴菌毒素H (Satratoxin H)，對動物、植物都會造成極大損害。類似的物質還曾被用來製造化學武器。食用後約十分鐘就會出現中毒反應：一開始是消化系統的腹痛、嘔吐、下痢等症狀，然後是目眩、手腳麻痺、呼吸困難、語言障礙、白血球與紅血球減少、造血功能障礙、全身皮膚糜爛、肝臟不全、腎臟不全、呼吸器官不全等許多複合症狀，死亡機率極高。未死亡者亦會有小腦萎縮、脫毛、脫皮、語言障礙、運動障礙等後遺症。
","
",2,火紅色/直立狀手指狀/有毒/鹿角肉座殼菌
多形炭角菌,Xylaria polymorpha,../images/多形炭角菌_01.jpg,子囊菌,糞殼菌綱,炭角菌目,炭角菌科,炭角菌屬,"多形炭角菌，又稱「死人手指」，主要生長於林間的腐木、有創傷的樹樁及樹皮的裂縫中，長出來約3～8公分高。一般單生或數枚群生在一起，外表呈黑色或褐色，頂端泛白，本身能釋放一種消化酶，使樹木不斷腐蝕、枯萎，隨後吸收腐爛物質作為自己的能量。
深色的子實體較小，呈炭棒狀或帶狀，質地較為堅硬，內部呈白色，表皮多皺，主要分佈於中國的海南、廣東、福建、台灣等東南地區。其顯著特色就是細長直立，就像從土裡伸出的手指一樣。
","
","
",2,灰白色/直立狀手指狀/死人的手指
異水黴,Allomyces,../images/異水黴_01.jpg,芽枝黴,芽枝黴綱,芽枝黴目,芽枝黴科,異水黴屬,"異水黴具有多中心的葉狀體，並且藉由具有鞭毛的動孢子進行無性繁殖，常見於熱帶地區池塘、稻田與河流的土壤中。
","世代交替時，一個單倍菌絲體上同時產生兩種配子，無色的雌配子囊生於菌絲分支的頂端，橘色的雄配子囊位於雌配子囊之下。
","
",1,微小
蛙壺菌,Batrachochytrium dendrobatidis,../images/蛙壺菌_01.jpg,真菌,壺菌綱,壺菌目,壺菌科,蛙壺菌屬,"蛙壺菌是一種壺菌門真菌，可以引起兩棲類的壺菌病。它們最初是於1998年發現，在其後的十年內，造成了大量兩棲類的死亡，引發多個物種滅絕，是為全新世滅絕事件之一。被國際自然保護聯盟物種存續委員會的入侵物種專家小組（ISSG）列入世界百大外來入侵種。兩棲類共有12科38種會感染壺菌病，包括蛙科動物和樹蟾科青蛙，蟾蜍，蠑螈和無肺螈科
","蛙壺菌感染兩棲類的角蛋白皮膚。它們在表皮上的葉狀體有假根網絡及孢子囊。每個孢子囊都有一條管放出孢子。蛙壺菌有兩個主要的生命階段：無柄及繁殖的遊動孢子囊，和活動及有鞭毛的遊離孢子。遊離孢子只會在短時間內很活躍，能夠移動一段短距離。不過，遊離孢子具有化學趨向性，會向兩棲類表面的分子（如糖、蛋白質及胺基酸）前往。它們也含有多種蛋白水解酶及酯水解酵素，幫助消化兩棲類細胞，以兩棲類的皮膚作為養份供應來源。當遊離孢子到達其寄主時，它們會在皮膚下層形成一個孢囊，進入繁殖階段，發展為遊動孢子囊。遊動孢子囊會生產更多的遊離孢子，不斷感染寄主的皮膚，或釋放到周邊的水生環境。
","蛙壺菌可以在4-25℃的氣溫下生長，最適於17-25℃。因此，它們可以在寄主的身上過冬。在25℃以上它們的生長較差，若高於28℃，生長就會停止。受感染的紅眼雨濱蛙只要留在37℃的環境就可以痊癒。
",1,微小/兩棲類危害/青蛙/病害
水玉黴,Pilobolus crystallinus,../images/水玉黴_01.jpg,接合菌,接合菌綱,毛黴目,水玉黴科,水玉黴屬,"水玉黴生長在草食動物的糞物上。個體纖細，孢子囊柄頂端長有一個晶瑩的囊泡，裡頭積聚有水份，孢子成熟時，囊泡的頂端破裂，黑色的孢子囊就像打水槍似的噴射出去，黏附在附近的草葉片上。等到有動物過來吃草時，就會將孢子一起吃入肚內，孢子通過動物的消化道，隨著糞便被排出來，又可再繼續生長繁殖。
","其孢子在動物體內不但不會被消化液破壞，而且需要消化液的刺激才會萌芽，甚至必須在糞便上才能生長良好；孢子囊柄頂端的泡囊內有能聚光的胡蘿蔔色素，像是透鏡可幫助孢子囊柄調整方向，使它具有向光性，如此孢子才能對準陽光下的草叢發射。
","
",1,微小/動物傳播/糞便傳播
蠅蟲黴,Entomophthora muscae,../images/蠅蟲黴_01.jpg,真菌,接合菌綱,蟲黴目,蟲黴科,蟲黴屬,"蠅蟲黴有「蒼蠅破壞者」之稱，首先真菌會穿透家蠅的角質層進入血淋巴（Hemolymph），繼而感染腦部，並在完全消耗宿主的器官與脂肪前，指示宿主飛到盡可能高的地方，然後等待死亡。家蠅受感染5至7日後，宿主正式死亡，蠅蟲霉此時會從家蠅腹部突出分生孢子（Conidiophores）的結構，準備將白色的孢子粒彈出，感染其他家蠅。
","
","
",1,微小/昆蟲寄生/病害
粉色麵包黴菌,Neurospora crassa,../images/粉色麵包黴菌_01.jpg,子囊菌,糞殼菌綱,糞殼菌目,糞殼菌科,粉色麵包黴菌,"粉色麵包黴菌是一種屬於子囊菌門的黴菌。由於生長容易，且擁有單倍體世代，使隱性遺傳可直接展現，進而使遺傳學分析較為簡易，因此是一種生物學上的模式生物。本屬名字意為「神經孢子」，指的是孢子 中的特徵條紋。這種真菌的第一次發布是於1843年從法國麵包店的侵染。
","喬治·比德爾（George Wells Beadle）與愛德華·塔特姆（Edward Tatum）在實驗中利用X射線照射使粉色麵包黴菌發生突變，進而觀察到因酵素失效而遭破壞的生化代謝途徑，並由此確立了基因編碼與蛋白質的關係。
","
",1,微小
桃褐腐病菌,Monilinia fructicola,../images/桃褐腐病菌_01.jpg,子囊菌,錘舌菌綱,柔膜菌目,核盤菌科,鏈核盤菌屬,"桃褐腐病菌(Monilinia fructicola)所造成的核果類植物褐腐病為一世界性病害，可導致相當嚴重的經濟損失。此病原菌感染寄主造成花器萎凋，採收前及採收後的果實腐爛。桃褐腐病菌通常以潛伏感染殘存於第二發育期的果實上，待果實成熟後受活化而造成褐化快速腐爛。已知第二發育期果實果表的酚化物包括chlorogenic acid 及caffeic acid 可影響M. fructicola 細胞氧化還原狀態、抑制其致病因子的表現及降低褐腐病害的發生，但作用機制並不清楚。關於桃核腐病菌之致病機制相關研究極少，依病徵之表現型態而言，此菌之細胞壁分解酵素極可能是造成褐腐病徵之主要因子。各種細胞壁分解酵素中以果膠分解酵素在病原真菌的致病性研究最多。
","
","
",1,微小/病害
白僵菌,Beauveria,../images/白僵菌_01.jpg,子囊菌,糞殼菌綱,肉座菌目,蟲草菌科,白僵菌,"白僵菌屬於蟲生真菌，常在昆蟲體面形成微小、疏水、白色的分生孢子，由基部的產孢細胞以全芽生型（holoblastic）的方式產出，在產出第一個分生孢子後，產孢細胞要產出下一個孢子前會先延長，在頂端會留下先前產孢的突起痕跡，最終形成一個獨特、細長如拉鍊般曲折的軸狀構造。
","白僵菌常能在昆蟲身體上或是昆蟲休憩的棲地發現，包括在土壤或是私人住宅。球孢白僵菌是白僵菌屬裡最廣為人知的，在於開發成生物性除蟲劑，能有效防治多種害蟲。
","
",2,微小/昆蟲寄生/冬蟲夏草/白色/病害
三葉草浪梗黴,Polythrincium trifolii,../images/三葉草浪梗黴_01.jpg,子囊菌,半知菌綱,殼黴目,杯黴科,車軸草屬,"三葉草浪梗黴感染花園的三葉草，受感染葉片正面病斑呈灰色近圓形、長圓形或不規則形，具褐色邊緣。相對的葉背為黑褐色霉點，即病原菌的分生孢子梗叢。夏末或秋季，病部的霉點周圍產生許多具光澤的黑痣狀斑點，為病原菌的子座。
","
","
",1,微小/植物寄生/三葉草/病害
白粉菌,Erysiphe,../images/白粉菌_01.jpg,子囊菌,錘舌菌綱,白粉菌目,白粉菌科,白粉菌屬,"白粉病病菌屬於專性寄生菌，寄生能力很強，菌絲體或分生孢子萌發以後不必借道傷口，可以通過氣孔或直接侵入進寄主器官的表皮，進而引發白粉病。
","被侵染部位上有白色或灰白色粉狀物（分生孢子、分生孢子梗和菌絲），病害發生後期在感病部位表面上形成小黑點（閉囊殼）。
白粉病病菌的分生孢子特別發達，且大多數分布在被侵染部位的表皮外面，在溫濕度和營養條件合適的時候，分生孢子和菌絲萌發形成芽管侵入進寄主表皮細胞之間，形成吸器吸收寄主細胞的營養。也就是說，白粉病病菌在寄主植物的表皮層內外分布最多，在被害部位的深層病菌數量很少
","
",1,微小/植物寄生/白色/病害
青黴菌,Penicillium,../images/青黴菌_01.jpg,子囊菌,散囊菌綱,散囊菌目,髮菌科,青黴屬,"青黴菌為常見的真菌中的一種。肉眼可見其孢子的顏色為藍綠色，因而得名。但是並非所有青黴屬的黴菌都為藍綠色，也有白色或者綠色。在顯微鏡下，可見其呈筆一樣形狀的筆狀體構造，尖端上帶有孢子。
","在工業的利用上，因著容易培養，青黴菌除被用來製造青黴素外，還可製造一些分解物質的酵素。然而，在日常生活中的青黴菌是一種討厭的黴菌，它產生無數又輕又小的分生孢子，隨風四處飄散，是呼吸道的過敏原之一，並且生長快速，只要有足夠營養與濕氣，如食品、蔬果、傢俱、皮革與陰暗的牆角都經常可發現它的灰綠色菌落的存在。
","
",5,微小/青藍綠色/黴菌/青黴素/有毒
黃麴黴菌,Aspergillus flavus,../images/黃麴黴菌_01.jpg,子囊菌,散囊菌綱,散囊菌目,髮菌科,麴黴屬,"黃麴菌常生長在儲存的玉米、花生或黃豆上，它產生的黃麴毒素，使人畜吃後會引起肝癌。像青黴菌一樣，麴菌的孢子也是在空氣、土壤中到處散布，遇到合適的環境就萌芽、生長起來。拿些花生、黃豆或泥土，放著任它發黴，等它長出黑色或黃色的菌落後，放在顯微鏡下可看到的成串的孢子像散放的頭髮，長在一個個的圓球上，有些種類的孢子表面還會布滿小刺。通常菌落開始生長時呈白色，待分生孢子成熟後，就逐漸顯出不同的顏色來。
","黃麴黴菌在25−37℃培養時生長迅速, 產生大量黃綠色分生孢。「黃麴黴菌」的中文名稱也是來自於外觀的顏色。通常會產生深棕色至黑色菌核, 能產生黃麴黴毒素B和圓弧偶氮酸, 少數還產生黃麴黴毒素G。
其適應能力很強，10−48℃下都可生長。一般在熱帶和高溫乾旱地區高產毒類群更多, 而在溫帶和較濕潤的地區無毒類群占優勢。
","
",3,微小/棕黑色/黴菌/黃麴毒素/有毒/穀類
禾谷鐮刀菌,Fusarium graminearum,../images/禾谷鐮刀菌_01.jpg,子囊菌,糞殼菌綱,肉座菌目,叢赤殼科,鐮刀菌屬,"禾谷鐮刀菌感染大麥、玉米等飼料作物，會產生另種真菌毒素稱為玉米赤黴毒素，為一種類固醇，會導致年幼母豬的雌性激素失調症狀，包括陰道與直腸脫出。
","
","
",1,微小/動物植物危害/有毒
裂褶菌,Schizophyllum commun,../images/裂褶菌_01.jpg,擔子菌,傘菌綱,傘菌目,裂褶菌科,裂褶菌屬,"裂褶菌在腐木上群生，主要特徵是菌蓋白色至灰色，具白絨毛，硬質。可食。 子實體和雞蛋燉服，治白帶有效，能滋補、強身。此菌含裂褶菌多糖，具抑制腫瘤功效。
","
","
",2,白色/菇狀菇類/可食用/皺摺
長裙竹蓀,Phallus indusiatus,../images/長裙竹蓀_01.jpg,擔子菌,傘菌綱,鬼筆目,鬼筆科,鬼筆屬,"長裙竹蓀，俗稱竹蓀，又名竹笙、竹參、面紗菌、網紗菌、竹姑娘等，是一種隱花菌類，菌裙和菌柄在中國為高級的素食材料。竹蓀原來有自己的一個屬竹蓀屬，但現時皆當作長裙竹蓀的異名，屬於鬼筆科的鬼筆屬。竹蓀生長於熱帶地區的大都會，從亞洲南部、非洲、南北美洲及澳大利亞均有生長，見於樹林或園庭被土壤比較肥沃的腐爛木質之上。這種菌類於1798年為法國植物學家艾蒂安·皮埃爾·旺特納最早描述。在中國，自然繁殖的竹蓀主要產在四川、雲南、貴州等地。
早在7世紀時的中國及奈及利亞的古老傳說，就已有食用竹蓀的記載。竹蓀的食用部分在於其圓錐狀到吊鐘狀的菌體及菌柱。成熟的菌體，長約25 cm，寬約1.5～4 cm。其菌蓋被啡綠色的黏液覆蓋，散發出一股臭味，用以吸引蒼蠅及其他昆蟲去吃掉它的孢子，以便於散播。優質的食用竹蓀，其色澤淺黃、味香、肉厚、柔軟、菌朵完整。
竹蓀可以和瘦豬肉一起煮，成為肉湯，味道鮮美；亦可與豬肉片或雞柳一起炒。由於已成功培植，現時一些大型的亞洲食品超市均可買得到。而其豐富的蛋白質、碳水化合物與膳食纖維，高抗氧化及高菌能力，使之成為健康飲食的推介食品。
","
","
",5,白色/菇狀菇類/可食用/裙狀
膠角耳,Calocera viscosa,../images/膠角耳_01.jpg,擔子菌,花耳綱,花耳目,花耳科,膠角耳屬,"夏秋季時，膠角耳會在雲杉、冷杉等針葉樹的苔蘚覆蓋的腐木或木樁上成叢或成簇生長。下部偏圓，上部有二至三叉狀分枝，形狀似鹿角而得名。其高度為4-8cm，粗度為0.3-0.6cm。顏色鮮艷，為金黃色或橙黃色，往往頂部顏色較深。子實層生於表面。擔子呈叉狀，淡黃色。孢子光滑，呈橢圓形或腎形。該真菌可以食用，無明顯味道。
","
","
",2,橘色/叢生/可食用
發光小菇,Mycena chlorophos,../images/發光小菇_01.jpg,擔子菌,傘菌綱,傘菌目,小菇科,小菇屬,"分布於台灣、日本、泰國、爪哇與香港地區，為這些地區偶見的木棲腐生的小型菇類，生長於春夏季的低海拔林區。特點為夜間會發出綠色瑩光，平常色澤為白色。數天生，肉質稍脆不建議食用。
","發光的過程是由一個被稱為螢光素酶 （luciferase）的蛋白氧化一個稱為螢光素（luciferin）的化學分子，在這裡過程中產生了光子而發光。
","
",4,白色綠色螢光色/菇狀菇類
毛黴菌,Mucor,../images/毛黴菌_01.jpg,接合菌,毛黴菌綱,毛黴菌目,毛黴菌科,毛黴菌屬,"毛黴菌是一種真菌，它的菌落的顏色一般呈現白色、米黃色到灰色，生長快速，在適合的培植介質中可以生長至數厘米高。當菌落成熟，由於孢子的發展，使菌落的顏色變成灰或褐色。普遍可在泥土、植物的表面、腐爛的蔬果或消化系統中找到它，它可以製作豆腐乳。
","部分品種（Mucor mucedo）無性繁殖。當孢子囊柄（sporangiophore）直立及發育成熟，孢子囊柄頂端脹大形成球狀孢子囊（sporangium），內裝單核單倍體孢子（sporangiospore）。孢子囊頂端的囊軸向孢子囊伸出，囊壁隨之爆開並釋出孢子。
有性繁殖時，部分短小菌絲形成配子囊（gametangia），當兩合適之配子囊接合，便形成球狀、具厚壁的接合孢子囊（zygosporangium）。接合孢子囊內藏一個接合孢子（zygospore）。接合孢子囊內進行核配（karyogamy）和減數分裂，可能可抵禦外在的惡劣環境。毛黴屬包括同宗配合（雌雄同株）和異宗配合（雌雄異株）的種。
","為大部分毛黴屬無法在溫暖環境中生長（接近攝氏37度），它們多不會感染人類和溫血動物。耐熱品種（Mucor indicus）可致壞死性且能快速傳播的接合菌病。
",2,白色/黴菌/腐爛的蔬菜水果/有毒
